Doctor_ID,Doctor_Name,Department_ID,Experience_Years,Shift
DR001,Dr. Aarav Sharma,D01,12,Morning
DR002,Dr. Vivaan Gupta,D01,20,Morning
DR003,Dr. Aditya Verma,D01,20,Morning
DR004,Dr. Arjun Nair,D01,14,Morning
DR005,Dr. Rohan Singh,D01,3,Morning
DR006,Dr. Karan Mehta,D01,21,Evening
DR007,Dr. Siddharth Rao,D02,14,Morning
DR008,Dr. Aniket Das,D02,12,Night
DR009,Dr. Yash Patel,D02,13,Morning
DR010,Dr. Manav Kapoor,D02,5,Morning
DR011,Dr. Neha Iyer,D02,17,Morning
DR012,Dr. Priya Menon,D03,22,Evening
DR013,Dr. Ananya Shah,D03,24,Night
DR014,Dr. Sneha Kulkarni,D03,18,Morning
DR015,Dr. Meera Joshi,D03,15,Evening
DR016,Dr. Pooja Nair,D03,15,Evening
DR017,Dr. Riya Sharma,D04,17,Morning
DR018,Dr. Kavya Gupta,D04,3,Morning
DR019,Dr. Nisha Verma,D04,9,Night
DR020,Dr. Aditi Rao,D04,12,Morning
DR021,Dr. Amit Kumar,D04,8,Evening
DR022,Dr. Rahul Sinha,D05,3,Night
DR023,Dr. Vivek Jain,D05,7,Night
DR024,Dr. Rohit Chawla,D05,9,Evening
DR025,Dr. Nikhil Arora,D05,23,Evening
DR026,Dr. Sanjay Reddy,D05,14,Evening
DR027,Dr. Deepak Mishra,D05,8,Night
DR028,Dr. Abhishek Bose,D05,7,Night
DR029,Dr. Harsh Vora,D05,8,Night
DR030,Dr. Mohit Bansal,D05,23,Morning
DR031,Dr. Swati Ghosh,D05,3,Night
DR032,Dr. Shreya Banerjee,D06,24,Evening
DR033,Dr. Tanvi Desai,D06,14,Evening
DR034,Dr. Pallavi Kapoor,D06,16,Night
DR035,Dr. Komal Arora,D06,19,Evening
DR036,Dr. Anjali Gupta,D07,3,Morning
DR037,Dr. Meenal Singh,D07,8,Night
DR038,Dr. Divya Rathi,D07,13,Morning
DR039,Dr. Bhavna Patel,D07,3,Evening
DR040,Dr. Ritu Malhotra,D08,6,Night
DR041,Dr. Akash Malhotra,D08,11,Night
DR042,Dr. Chirag Shah,D08,19,Night
DR043,Dr. Varun Khanna,D09,22,Morning
DR044,Dr. Tushar Goel,D09,5,Evening
DR045,Dr. Nishant Soni,D09,10,Evening
DR046,Dr. Gaurav Bhatia,D09,18,Night
DR047,Dr. Sameer Kulkarni,D10,22,Evening
DR048,Dr. Hemant Joshi,D10,17,Night
DR049,Dr. Chetan Agarwal,D10,15,Morning
DR050,Dr. Mayank Saxena,D10,22,Night
